Start date,End date,Subject,Start Time,End Time,Location,Description
10/1/2018,10/1/2018,LC Mathematical Foundations of Computer Science(30181)/Tutorial,10:00,11:00,Sports and Exercise Sciences LT2 (G85),Activity: LC Mathematical Foundations of Computer Science(30181)/Tutorial. Type: Tutorial/B. Department: Computer Science
10/8/2018,10/8/2018,LC Mathematical Foundations of Computer Science(30181)/Tutorial,10:00,11:00,Sports and Exercise Sciences LT2 (G85),Activity: LC Mathematical Foundations of Computer Science(30181)/Tutorial. Type: Tutorial/B. Department: Computer Science
10/15/2018,10/15/2018,LC Mathematical Foundations of Computer Science(30181)/Tutorial,10:00,11:00,Sports and Exercise Sciences LT2 (G85),Activity: LC Mathematical Foundations of Computer Science(30181)/Tutorial. Type: Tutorial/B. Department: Computer Science
10/22/2018,10/22/2018,LC Mathematical Foundations of Computer Science(30181)/Tutorial,10:00,11:00,Sports and Exercise Sciences LT2 (G85),Activity: LC Mathematical Foundations of Computer Science(30181)/Tutorial. Type: Tutorial/B. Department: Computer Science
10/29/2018,10/29/2018,LC Mathematical Foundations of Computer Science(30181)/Tutorial,10:00,11:00,Sports and Exercise Sciences LT2 (G85),Activity: LC Mathematical Foundations of Computer Science(30181)/Tutorial. Type: Tutorial/B. Department: Computer Science
11/5/2018,11/5/2018,LC Mathematical Foundations of Computer Science(30181)/Tutorial,10:00,11:00,Watson LT B (101),Activity: LC Mathematical Foundations of Computer Science(30181)/Tutorial. Type: Tutorial/B. Department: Computer Science
11/12/2018,11/12/2018,LC Mathematical Foundations of Computer Science(30181)/Tutorial,10:00,11:00,Watson LT B (101),Activity: LC Mathematical Foundations of Computer Science(30181)/Tutorial. Type: Tutorial/B. Department: Computer Science
11/19/2018,11/19/2018,LC Mathematical Foundations of Computer Science(30181)/Tutorial,10:00,11:00,Watson LT B (101),Activity: LC Mathematical Foundations of Computer Science(30181)/Tutorial. Type: Tutorial/B. Department: Computer Science
11/26/2018,11/26/2018,LC Mathematical Foundations of Computer Science(30181)/Tutorial,10:00,11:00,Watson LT B (101),Activity: LC Mathematical Foundations of Computer Science(30181)/Tutorial. Type: Tutorial/B. Department: Computer Science
12/3/2018,12/3/2018,LC Mathematical Foundations of Computer Science(30181)/Tutorial,10:00,11:00,Watson LT B (101),Activity: LC Mathematical Foundations of Computer Science(30181)/Tutorial. Type: Tutorial/B. Department: Computer Science
12/10/2018,12/10/2018,LC Mathematical Foundations of Computer Science(30181)/Tutorial,10:00,11:00,Watson LT B (101),Activity: LC Mathematical Foundations of Computer Science(30181)/Tutorial. Type: Tutorial/B. Department: Computer Science
01/14/2019,01/14/2019,LC Artificial Intelligence(30173)/Lecture,10:00,11:00,Gisbert Kapp LT2 (E202),Activity: LC Artificial Intelligence(30173)/Lecture. Type: Lecture. Department: Computer Science
01/21/2019,01/21/2019,LC Artificial Intelligence(30173)/Lecture,10:00,11:00,Gisbert Kapp LT2 (E202),Activity: LC Artificial Intelligence(30173)/Lecture. Type: Lecture. Department: Computer Science
01/28/2019,01/28/2019,LC Artificial Intelligence(30173)/Lecture,10:00,11:00,Gisbert Kapp LT2 (E202),Activity: LC Artificial Intelligence(30173)/Lecture. Type: Lecture. Department: Computer Science
02/4/2019,02/4/2019,LC Artificial Intelligence(30173)/Lecture,10:00,11:00,Gisbert Kapp LT2 (E202),Activity: LC Artificial Intelligence(30173)/Lecture. Type: Lecture. Department: Computer Science
02/11/2019,02/11/2019,LC Artificial Intelligence(30173)/Lecture,10:00,11:00,Gisbert Kapp LT2 (E202),Activity: LC Artificial Intelligence(30173)/Lecture. Type: Lecture. Department: Computer Science
02/18/2019,02/18/2019,LC Artificial Intelligence(30173)/Lecture,10:00,11:00,Gisbert Kapp LT2 (E202),Activity: LC Artificial Intelligence(30173)/Lecture. Type: Lecture. Department: Computer Science
02/25/2019,02/25/2019,LC Artificial Intelligence(30173)/Lecture,10:00,11:00,Gisbert Kapp LT2 (E202),Activity: LC Artificial Intelligence(30173)/Lecture. Type: Lecture. Department: Computer Science
03/4/2019,03/4/2019,LC Artificial Intelligence(30173)/Lecture,10:00,11:00,Gisbert Kapp LT2 (E202),Activity: LC Artificial Intelligence(30173)/Lecture. Type: Lecture. Department: Computer Science
03/11/2019,03/11/2019,LC Artificial Intelligence(30173)/Lecture,10:00,11:00,Gisbert Kapp LT2 (E202),Activity: LC Artificial Intelligence(30173)/Lecture. Type: Lecture. Department: Computer Science
03/18/2019,03/18/2019,LC Artificial Intelligence(30173)/Lecture,10:00,11:00,Gisbert Kapp LT2 (E202),Activity: LC Artificial Intelligence(30173)/Lecture. Type: Lecture. Department: Computer Science
03/25/2019,03/25/2019,LC Artificial Intelligence(30173)/Lecture,10:00,11:00,Gisbert Kapp LT2 (E202),Activity: LC Artificial Intelligence(30173)/Lecture. Type: Lecture. Department: Computer Science
01/14/2019,01/14/2019,LC Data Structure & Algorithms(30175)/Lecture,11:00,12:00,Gisbert Kapp LT2 (E202),With: Dr John Bullinaria. Activity: LC Data Structure & Algorithms(30175)/Lecture. Type: Lecture/B. Department: Computer Science
01/21/2019,01/21/2019,LC Data Structure & Algorithms(30175)/Lecture,11:00,12:00,Gisbert Kapp LT2 (E202),With: Dr John Bullinaria. Activity: LC Data Structure & Algorithms(30175)/Lecture. Type: Lecture/B. Department: Computer Science
01/28/2019,01/28/2019,LC Data Structure & Algorithms(30175)/Lecture,11:00,12:00,Gisbert Kapp LT2 (E202),With: Dr John Bullinaria. Activity: LC Data Structure & Algorithms(30175)/Lecture. Type: Lecture/B. Department: Computer Science
02/4/2019,02/4/2019,LC Data Structure & Algorithms(30175)/Lecture,11:00,12:00,Gisbert Kapp LT2 (E202),With: Dr John Bullinaria. Activity: LC Data Structure & Algorithms(30175)/Lecture. Type: Lecture/B. Department: Computer Science
02/11/2019,02/11/2019,LC Data Structure & Algorithms(30175)/Lecture,11:00,12:00,Gisbert Kapp LT2 (E202),With: Dr John Bullinaria. Activity: LC Data Structure & Algorithms(30175)/Lecture. Type: Lecture/B. Department: Computer Science
02/18/2019,02/18/2019,LC Data Structure & Algorithms(30175)/Lecture,11:00,12:00,Gisbert Kapp LT2 (E202),With: Dr John Bullinaria. Activity: LC Data Structure & Algorithms(30175)/Lecture. Type: Lecture/B. Department: Computer Science
02/25/2019,02/25/2019,LC Data Structure & Algorithms(30175)/Lecture,11:00,12:00,Gisbert Kapp LT2 (E202),With: Dr John Bullinaria. Activity: LC Data Structure & Algorithms(30175)/Lecture. Type: Lecture/B. Department: Computer Science
03/4/2019,03/4/2019,LC Data Structure & Algorithms(30175)/Lecture,11:00,12:00,Gisbert Kapp LT2 (E202),With: Dr John Bullinaria. Activity: LC Data Structure & Algorithms(30175)/Lecture. Type: Lecture/B. Department: Computer Science
03/11/2019,03/11/2019,LC Data Structure & Algorithms(30175)/Lecture,11:00,12:00,Gisbert Kapp LT2 (E202),With: Dr John Bullinaria. Activity: LC Data Structure & Algorithms(30175)/Lecture. Type: Lecture/B. Department: Computer Science
03/18/2019,03/18/2019,LC Data Structure & Algorithms(30175)/Lecture,11:00,12:00,Gisbert Kapp LT2 (E202),With: Dr John Bullinaria. Activity: LC Data Structure & Algorithms(30175)/Lecture. Type: Lecture/B. Department: Computer Science
03/25/2019,03/25/2019,LC Data Structure & Algorithms(30175)/Lecture,11:00,12:00,Gisbert Kapp LT2 (E202),With: Dr John Bullinaria. Activity: LC Data Structure & Algorithms(30175)/Lecture. Type: Lecture/B. Department: Computer Science
01/14/2019,01/14/2019,LC Logic & Computation(30180)/Lecture,12:00,13:00,Gisbert Kapp LT2 (E202),Activity: LC Logic & Computation(30180)/Lecture. Type: Lecture. Department: Computer Science
01/21/2019,01/21/2019,LC Logic & Computation(30180)/Lecture,12:00,13:00,Gisbert Kapp LT2 (E202),Activity: LC Logic & Computation(30180)/Lecture. Type: Lecture. Department: Computer Science
01/28/2019,01/28/2019,LC Logic & Computation(30180)/Lecture,12:00,13:00,Gisbert Kapp LT2 (E202),Activity: LC Logic & Computation(30180)/Lecture. Type: Lecture. Department: Computer Science
02/4/2019,02/4/2019,LC Logic & Computation(30180)/Lecture,12:00,13:00,Gisbert Kapp LT2 (E202),Activity: LC Logic & Computation(30180)/Lecture. Type: Lecture. Department: Computer Science
02/11/2019,02/11/2019,LC Logic & Computation(30180)/Lecture,12:00,13:00,Gisbert Kapp LT2 (E202),Activity: LC Logic & Computation(30180)/Lecture. Type: Lecture. Department: Computer Science
02/18/2019,02/18/2019,LC Logic & Computation(30180)/Lecture,12:00,13:00,Gisbert Kapp LT2 (E202),Activity: LC Logic & Computation(30180)/Lecture. Type: Lecture. Department: Computer Science
02/25/2019,02/25/2019,LC Logic & Computation(30180)/Lecture,12:00,13:00,Gisbert Kapp LT2 (E202),Activity: LC Logic & Computation(30180)/Lecture. Type: Lecture. Department: Computer Science
03/4/2019,03/4/2019,LC Logic & Computation(30180)/Lecture,12:00,13:00,Gisbert Kapp LT2 (E202),Activity: LC Logic & Computation(30180)/Lecture. Type: Lecture. Department: Computer Science
03/11/2019,03/11/2019,LC Logic & Computation(30180)/Lecture,12:00,13:00,Gisbert Kapp LT2 (E202),Activity: LC Logic & Computation(30180)/Lecture. Type: Lecture. Department: Computer Science
03/18/2019,03/18/2019,LC Logic & Computation(30180)/Lecture,12:00,13:00,Gisbert Kapp LT2 (E202),Activity: LC Logic & Computation(30180)/Lecture. Type: Lecture. Department: Computer Science
03/25/2019,03/25/2019,LC Logic & Computation(30180)/Lecture,12:00,13:00,Gisbert Kapp LT2 (E202),Activity: LC Logic & Computation(30180)/Lecture. Type: Lecture. Department: Computer Science
01/14/2019,01/14/2019,LC Data Structure & Algorithms(30175)/Laboratory Practical,14:00,16:00,Computer Science LG04 Lab,With: Mr Alan Sexton. Activity: LC Data Structure & Algorithms(30175)/Laboratory Practical. Type: Laboratory Practical. Department: Computer Science
01/21/2019,01/21/2019,LC Data Structure & Algorithms(30175)/Laboratory Practical,14:00,16:00,Computer Science LG04 Lab,With: Mr Alan Sexton. Activity: LC Data Structure & Algorithms(30175)/Laboratory Practical. Type: Laboratory Practical. Department: Computer Science
01/28/2019,01/28/2019,LC Data Structure & Algorithms(30175)/Laboratory Practical,14:00,16:00,Computer Science LG04 Lab,With: Mr Alan Sexton. Activity: LC Data Structure & Algorithms(30175)/Laboratory Practical. Type: Laboratory Practical. Department: Computer Science
02/4/2019,02/4/2019,LC Data Structure & Algorithms(30175)/Laboratory Practical,14:00,16:00,Computer Science LG04 Lab,With: Mr Alan Sexton. Activity: LC Data Structure & Algorithms(30175)/Laboratory Practical. Type: Laboratory Practical. Department: Computer Science
02/11/2019,02/11/2019,LC Data Structure & Algorithms(30175)/Laboratory Practical,14:00,16:00,Computer Science LG04 Lab,With: Mr Alan Sexton. Activity: LC Data Structure & Algorithms(30175)/Laboratory Practical. Type: Laboratory Practical. Department: Computer Science
02/18/2019,02/18/2019,LC Data Structure & Algorithms(30175)/Laboratory Practical,14:00,16:00,Computer Science LG04 Lab,With: Mr Alan Sexton. Activity: LC Data Structure & Algorithms(30175)/Laboratory Practical. Type: Laboratory Practical. Department: Computer Science
02/25/2019,02/25/2019,LC Data Structure & Algorithms(30175)/Laboratory Practical,14:00,16:00,Computer Science LG04 Lab,With: Mr Alan Sexton. Activity: LC Data Structure & Algorithms(30175)/Laboratory Practical. Type: Laboratory Practical. Department: Computer Science
03/4/2019,03/4/2019,LC Data Structure & Algorithms(30175)/Laboratory Practical,14:00,16:00,Computer Science LG04 Lab,With: Mr Alan Sexton. Activity: LC Data Structure & Algorithms(30175)/Laboratory Practical. Type: Laboratory Practical. Department: Computer Science
03/11/2019,03/11/2019,LC Data Structure & Algorithms(30175)/Laboratory Practical,14:00,16:00,Computer Science LG04 Lab,With: Mr Alan Sexton. Activity: LC Data Structure & Algorithms(30175)/Laboratory Practical. Type: Laboratory Practical. Department: Computer Science
03/18/2019,03/18/2019,LC Data Structure & Algorithms(30175)/Laboratory Practical,14:00,16:00,Computer Science LG04 Lab,With: Mr Alan Sexton. Activity: LC Data Structure & Algorithms(30175)/Laboratory Practical. Type: Laboratory Practical. Department: Computer Science
03/25/2019,03/25/2019,LC Data Structure & Algorithms(30175)/Laboratory Practical,14:00,16:00,Computer Science LG04 Lab,With: Mr Alan Sexton. Activity: LC Data Structure & Algorithms(30175)/Laboratory Practical. Type: Laboratory Practical. Department: Computer Science
10/8/2018,10/8/2018,LC Intro to Financial Analysis for Sci Eng (14505)/Seminar,16:00,17:00,JG Smith G22,Activity: LC Intro to Financial Analysis for Sci Eng (14505)/Seminar. Type: Seminar. Department: Birmingham Business School
10/15/2018,10/15/2018,LC Intro to Financial Analysis for Sci Eng (14505)/Seminar,16:00,17:00,JG Smith G22,Activity: LC Intro to Financial Analysis for Sci Eng (14505)/Seminar. Type: Seminar. Department: Birmingham Business School
10/22/2018,10/22/2018,LC Intro to Financial Analysis for Sci Eng (14505)/Seminar,16:00,17:00,JG Smith G22,Activity: LC Intro to Financial Analysis for Sci Eng (14505)/Seminar. Type: Seminar. Department: Birmingham Business School
10/29/2018,10/29/2018,LC Intro to Financial Analysis for Sci Eng (14505)/Seminar,16:00,17:00,JG Smith G22,Activity: LC Intro to Financial Analysis for Sci Eng (14505)/Seminar. Type: Seminar. Department: Birmingham Business School
11/5/2018,11/5/2018,LC Intro to Financial Analysis for Sci Eng (14505)/Seminar,16:00,17:00,JG Smith G22,Activity: LC Intro to Financial Analysis for Sci Eng (14505)/Seminar. Type: Seminar. Department: Birmingham Business School
11/12/2018,11/12/2018,LC Intro to Financial Analysis for Sci Eng (14505)/Seminar,16:00,17:00,JG Smith G22,Activity: LC Intro to Financial Analysis for Sci Eng (14505)/Seminar. Type: Seminar. Department: Birmingham Business School
11/26/2018,11/26/2018,LC Intro to Financial Analysis for Sci Eng (14505)/Seminar,16:00,17:00,JG Smith G22,Activity: LC Intro to Financial Analysis for Sci Eng (14505)/Seminar. Type: Seminar. Department: Birmingham Business School
12/3/2018,12/3/2018,LC Intro to Financial Analysis for Sci Eng (14505)/Seminar,16:00,17:00,JG Smith G22,Activity: LC Intro to Financial Analysis for Sci Eng (14505)/Seminar. Type: Seminar. Department: Birmingham Business School
12/10/2018,12/10/2018,LC Intro to Financial Analysis for Sci Eng (14505)/Seminar,16:00,17:00,JG Smith G22,Activity: LC Intro to Financial Analysis for Sci Eng (14505)/Seminar. Type: Seminar. Department: Birmingham Business School
10/1/2018,10/1/2018,LC Fundamentals of Programming in Java/LC Programming in Java(30179/30183)/Lecture,18:00,19:00,Aston Webb Main LT (C-block),With: Dr Ian Kenny. Activity: LC Fundamentals of Programming in Java/LC Programming in Java(30179/30183)/Lecture. Type: Lecture/D. Department: Computer Science
10/8/2018,10/8/2018,LC Fundamentals of Programming in Java/LC Programming in Java(30179/30183)/Lecture,18:00,19:00,Aston Webb Main LT (C-block),With: Dr Ian Kenny. Activity: LC Fundamentals of Programming in Java/LC Programming in Java(30179/30183)/Lecture. Type: Lecture/D. Department: Computer Science
10/15/2018,10/15/2018,LC Fundamentals of Programming in Java/LC Programming in Java(30179/30183)/Lecture,18:00,19:00,Aston Webb Main LT (C-block),With: Dr Ian Kenny. Activity: LC Fundamentals of Programming in Java/LC Programming in Java(30179/30183)/Lecture. Type: Lecture/D. Department: Computer Science
10/22/2018,10/22/2018,LC Fundamentals of Programming in Java/LC Programming in Java(30179/30183)/Lecture,18:00,19:00,Aston Webb Main LT (C-block),With: Dr Ian Kenny. Activity: LC Fundamentals of Programming in Java/LC Programming in Java(30179/30183)/Lecture. Type: Lecture/D. Department: Computer Science
10/29/2018,10/29/2018,LC Fundamentals of Programming in Java/LC Programming in Java(30179/30183)/Lecture,18:00,19:00,Aston Webb Main LT (C-block),With: Dr Ian Kenny. Activity: LC Fundamentals of Programming in Java/LC Programming in Java(30179/30183)/Lecture. Type: Lecture/D. Department: Computer Science
11/5/2018,11/5/2018,LC Fundamentals of Programming in Java/LC Programming in Java(30179/30183)/Lecture,18:00,19:00,Aston Webb Main LT (C-block),With: Dr Ian Kenny. Activity: LC Fundamentals of Programming in Java/LC Programming in Java(30179/30183)/Lecture. Type: Lecture/D. Department: Computer Science
11/12/2018,11/12/2018,LC Fundamentals of Programming in Java/LC Programming in Java(30179/30183)/Lecture,18:00,19:00,Aston Webb Main LT (C-block),With: Dr Ian Kenny. Activity: LC Fundamentals of Programming in Java/LC Programming in Java(30179/30183)/Lecture. Type: Lecture/D. Department: Computer Science
11/19/2018,11/19/2018,LC Fundamentals of Programming in Java/LC Programming in Java(30179/30183)/Lecture,18:00,19:00,Aston Webb Main LT (C-block),With: Dr Ian Kenny. Activity: LC Fundamentals of Programming in Java/LC Programming in Java(30179/30183)/Lecture. Type: Lecture/D. Department: Computer Science
11/26/2018,11/26/2018,LC Fundamentals of Programming in Java/LC Programming in Java(30179/30183)/Lecture,18:00,19:00,Aston Webb Main LT (C-block),With: Dr Ian Kenny. Activity: LC Fundamentals of Programming in Java/LC Programming in Java(30179/30183)/Lecture. Type: Lecture/D. Department: Computer Science
12/3/2018,12/3/2018,LC Fundamentals of Programming in Java/LC Programming in Java(30179/30183)/Lecture,18:00,19:00,Aston Webb Main LT (C-block),With: Dr Ian Kenny. Activity: LC Fundamentals of Programming in Java/LC Programming in Java(30179/30183)/Lecture. Type: Lecture/D. Department: Computer Science
12/10/2018,12/10/2018,LC Fundamentals of Programming in Java/LC Programming in Java(30179/30183)/Lecture,18:00,19:00,Aston Webb Main LT (C-block),With: Dr Ian Kenny. Activity: LC Fundamentals of Programming in Java/LC Programming in Java(30179/30183)/Lecture. Type: Lecture/D. Department: Computer Science</tr></tbody><tr>
10/9/2018,10/9/2018,LC Mathematical Foundations of Computer Science(30181)/Lecture,12:00,14:00,Gisbert Kapp LT2 (E202),Activity: LC Mathematical Foundations of Computer Science(30181)/Lecture. Type: Lecture. Department: Computer Science
10/16/2018,10/16/2018,LC Mathematical Foundations of Computer Science(30181)/Lecture,12:00,14:00,Gisbert Kapp LT2 (E202),Activity: LC Mathematical Foundations of Computer Science(30181)/Lecture. Type: Lecture. Department: Computer Science
10/23/2018,10/23/2018,LC Mathematical Foundations of Computer Science(30181)/Lecture,12:00,14:00,Gisbert Kapp LT2 (E202),Activity: LC Mathematical Foundations of Computer Science(30181)/Lecture. Type: Lecture. Department: Computer Science
10/30/2018,10/30/2018,LC Mathematical Foundations of Computer Science(30181)/Lecture,12:00,14:00,Gisbert Kapp LT2 (E202),Activity: LC Mathematical Foundations of Computer Science(30181)/Lecture. Type: Lecture. Department: Computer Science
11/6/2018,11/6/2018,LC Mathematical Foundations of Computer Science(30181)/Lecture,12:00,14:00,Gisbert Kapp LT2 (E202),Activity: LC Mathematical Foundations of Computer Science(30181)/Lecture. Type: Lecture. Department: Computer Science
11/13/2018,11/13/2018,LC Mathematical Foundations of Computer Science(30181)/Lecture,12:00,14:00,Gisbert Kapp LT2 (E202),Activity: LC Mathematical Foundations of Computer Science(30181)/Lecture. Type: Lecture. Department: Computer Science
11/20/2018,11/20/2018,LC Mathematical Foundations of Computer Science(30181)/Lecture,12:00,14:00,Gisbert Kapp LT2 (E202),Activity: LC Mathematical Foundations of Computer Science(30181)/Lecture. Type: Lecture. Department: Computer Science
11/27/2018,11/27/2018,LC Mathematical Foundations of Computer Science(30181)/Lecture,12:00,14:00,Gisbert Kapp LT2 (E202),Activity: LC Mathematical Foundations of Computer Science(30181)/Lecture. Type: Lecture. Department: Computer Science
12/4/2018,12/4/2018,LC Mathematical Foundations of Computer Science(30181)/Lecture,12:00,14:00,Gisbert Kapp LT2 (E202),Activity: LC Mathematical Foundations of Computer Science(30181)/Lecture. Type: Lecture. Department: Computer Science
12/11/2018,12/11/2018,LC Mathematical Foundations of Computer Science(30181)/Lecture,12:00,14:00,Gisbert Kapp LT2 (E202),Activity: LC Mathematical Foundations of Computer Science(30181)/Lecture. Type: Lecture. Department: Computer Science
10/2/2018,10/2/2018,LC Programming in Java(30183)/Laboratory Practical,12:00,14:00,Computer Science UG04 Lab,With: Dr Ian Kenny. Activity: LC Programming in Java(30183)/Laboratory Practical. Type: Laboratory Practical. Department: Computer Science
10/9/2018,10/9/2018,LC Programming in Java(30183)/Laboratory Practical,12:00,14:00,Computer Science UG04 Lab,With: Dr Ian Kenny. Activity: LC Programming in Java(30183)/Laboratory Practical. Type: Laboratory Practical. Department: Computer Science
10/16/2018,10/16/2018,LC Programming in Java(30183)/Laboratory Practical,12:00,14:00,Computer Science UG04 Lab,With: Dr Ian Kenny. Activity: LC Programming in Java(30183)/Laboratory Practical. Type: Laboratory Practical. Department: Computer Science
10/23/2018,10/23/2018,LC Programming in Java(30183)/Laboratory Practical,12:00,14:00,Computer Science UG04 Lab,With: Dr Ian Kenny. Activity: LC Programming in Java(30183)/Laboratory Practical. Type: Laboratory Practical. Department: Computer Science
10/30/2018,10/30/2018,LC Programming in Java(30183)/Laboratory Practical,12:00,14:00,Computer Science UG04 Lab,With: Dr Ian Kenny. Activity: LC Programming in Java(30183)/Laboratory Practical. Type: Laboratory Practical. Department: Computer Science
11/6/2018,11/6/2018,LC Programming in Java(30183)/Laboratory Practical,12:00,14:00,Computer Science UG04 Lab,With: Dr Ian Kenny. Activity: LC Programming in Java(30183)/Laboratory Practical. Type: Laboratory Practical. Department: Computer Science
11/13/2018,11/13/2018,LC Programming in Java(30183)/Laboratory Practical,12:00,14:00,Computer Science UG04 Lab,With: Dr Ian Kenny. Activity: LC Programming in Java(30183)/Laboratory Practical. Type: Laboratory Practical. Department: Computer Science
11/20/2018,11/20/2018,LC Programming in Java(30183)/Laboratory Practical,12:00,14:00,Computer Science UG04 Lab,With: Dr Ian Kenny. Activity: LC Programming in Java(30183)/Laboratory Practical. Type: Laboratory Practical. Department: Computer Science
11/27/2018,11/27/2018,LC Programming in Java(30183)/Laboratory Practical,12:00,14:00,Computer Science UG04 Lab,With: Dr Ian Kenny. Activity: LC Programming in Java(30183)/Laboratory Practical. Type: Laboratory Practical. Department: Computer Science
12/4/2018,12/4/2018,LC Programming in Java(30183)/Laboratory Practical,12:00,14:00,Computer Science UG04 Lab,With: Dr Ian Kenny. Activity: LC Programming in Java(30183)/Laboratory Practical. Type: Laboratory Practical. Department: Computer Science
12/11/2018,12/11/2018,LC Programming in Java(30183)/Laboratory Practical,12:00,14:00,Computer Science UG04 Lab,With: Dr Ian Kenny. Activity: LC Programming in Java(30183)/Laboratory Practical. Type: Laboratory Practical. Department: Computer Science
01/15/2019,01/15/2019,LC Data Structure & Algorithms(30175)/Lecture,12:00,13:00,Gisbert Kapp LT2 (E202),With: Dr John Bullinaria. Activity: LC Data Structure & Algorithms(30175)/Lecture. Type: Lecture. Department: Computer Science
01/22/2019,01/22/2019,LC Data Structure & Algorithms(30175)/Lecture,12:00,13:00,Gisbert Kapp LT2 (E202),With: Dr John Bullinaria. Activity: LC Data Structure & Algorithms(30175)/Lecture. Type: Lecture. Department: Computer Science
01/29/2019,01/29/2019,LC Data Structure & Algorithms(30175)/Lecture,12:00,13:00,Gisbert Kapp LT2 (E202),With: Dr John Bullinaria. Activity: LC Data Structure & Algorithms(30175)/Lecture. Type: Lecture. Department: Computer Science
02/5/2019,02/5/2019,LC Data Structure & Algorithms(30175)/Lecture,12:00,13:00,Gisbert Kapp LT2 (E202),With: Dr John Bullinaria. Activity: LC Data Structure & Algorithms(30175)/Lecture. Type: Lecture. Department: Computer Science
02/12/2019,02/12/2019,LC Data Structure & Algorithms(30175)/Lecture,12:00,13:00,Gisbert Kapp LT2 (E202),With: Dr John Bullinaria. Activity: LC Data Structure & Algorithms(30175)/Lecture. Type: Lecture. Department: Computer Science
02/19/2019,02/19/2019,LC Data Structure & Algorithms(30175)/Lecture,12:00,13:00,Gisbert Kapp LT2 (E202),With: Dr John Bullinaria. Activity: LC Data Structure & Algorithms(30175)/Lecture. Type: Lecture. Department: Computer Science
02/26/2019,02/26/2019,LC Data Structure & Algorithms(30175)/Lecture,12:00,13:00,Gisbert Kapp LT2 (E202),With: Dr John Bullinaria. Activity: LC Data Structure & Algorithms(30175)/Lecture. Type: Lecture. Department: Computer Science
03/5/2019,03/5/2019,LC Data Structure & Algorithms(30175)/Lecture,12:00,13:00,Gisbert Kapp LT2 (E202),With: Dr John Bullinaria. Activity: LC Data Structure & Algorithms(30175)/Lecture. Type: Lecture. Department: Computer Science
03/12/2019,03/12/2019,LC Data Structure & Algorithms(30175)/Lecture,12:00,13:00,Gisbert Kapp LT2 (E202),With: Dr John Bullinaria. Activity: LC Data Structure & Algorithms(30175)/Lecture. Type: Lecture. Department: Computer Science
03/19/2019,03/19/2019,LC Data Structure & Algorithms(30175)/Lecture,12:00,13:00,Gisbert Kapp LT2 (E202),With: Dr John Bullinaria. Activity: LC Data Structure & Algorithms(30175)/Lecture. Type: Lecture. Department: Computer Science
03/26/2019,03/26/2019,LC Data Structure & Algorithms(30175)/Lecture,12:00,13:00,Gisbert Kapp LT2 (E202),With: Dr John Bullinaria. Activity: LC Data Structure & Algorithms(30175)/Lecture. Type: Lecture. Department: Computer Science
01/15/2019,01/15/2019,LC Logic & Computation(30180)/Lecture,13:00,14:00,Gisbert Kapp LT2 (E202),Activity: LC Logic & Computation(30180)/Lecture. Type: Lecture/B. Department: Computer Science
01/22/2019,01/22/2019,LC Logic & Computation(30180)/Lecture,13:00,14:00,Gisbert Kapp LT2 (E202),Activity: LC Logic & Computation(30180)/Lecture. Type: Lecture/B. Department: Computer Science
01/29/2019,01/29/2019,LC Logic & Computation(30180)/Lecture,13:00,14:00,Gisbert Kapp LT2 (E202),Activity: LC Logic & Computation(30180)/Lecture. Type: Lecture/B. Department: Computer Science
02/5/2019,02/5/2019,LC Logic & Computation(30180)/Lecture,13:00,14:00,Gisbert Kapp LT2 (E202),Activity: LC Logic & Computation(30180)/Lecture. Type: Lecture/B. Department: Computer Science
02/12/2019,02/12/2019,LC Logic & Computation(30180)/Lecture,13:00,14:00,Gisbert Kapp LT2 (E202),Activity: LC Logic & Computation(30180)/Lecture. Type: Lecture/B. Department: Computer Science
02/19/2019,02/19/2019,LC Logic & Computation(30180)/Lecture,13:00,14:00,Gisbert Kapp LT2 (E202),Activity: LC Logic & Computation(30180)/Lecture. Type: Lecture/B. Department: Computer Science
02/26/2019,02/26/2019,LC Logic & Computation(30180)/Lecture,13:00,14:00,Gisbert Kapp LT2 (E202),Activity: LC Logic & Computation(30180)/Lecture. Type: Lecture/B. Department: Computer Science
03/5/2019,03/5/2019,LC Logic & Computation(30180)/Lecture,13:00,14:00,Gisbert Kapp LT2 (E202),Activity: LC Logic & Computation(30180)/Lecture. Type: Lecture/B. Department: Computer Science
03/12/2019,03/12/2019,LC Logic & Computation(30180)/Lecture,13:00,14:00,Gisbert Kapp LT2 (E202),Activity: LC Logic & Computation(30180)/Lecture. Type: Lecture/B. Department: Computer Science
03/19/2019,03/19/2019,LC Logic & Computation(30180)/Lecture,13:00,14:00,Gisbert Kapp LT2 (E202),Activity: LC Logic & Computation(30180)/Lecture. Type: Lecture/B. Department: Computer Science
03/26/2019,03/26/2019,LC Logic & Computation(30180)/Lecture,13:00,14:00,Gisbert Kapp LT2 (E202),Activity: LC Logic & Computation(30180)/Lecture. Type: Lecture/B. Department: Computer Science
10/2/2018,10/2/2018,LC Mathematical Foundations of Computer Science(30181)/Tutorial,16:00,18:00,Gisbert Kapp N224,Activity: LC Mathematical Foundations of Computer Science(30181)/Tutorial. Type: Tutorial. Department: Computer Science
10/9/2018,10/9/2018,LC Mathematical Foundations of Computer Science(30181)/Tutorial,16:00,18:00,Gisbert Kapp N224,Activity: LC Mathematical Foundations of Computer Science(30181)/Tutorial. Type: Tutorial. Department: Computer Science
10/16/2018,10/16/2018,LC Mathematical Foundations of Computer Science(30181)/Tutorial,16:00,18:00,Gisbert Kapp N224,Activity: LC Mathematical Foundations of Computer Science(30181)/Tutorial. Type: Tutorial. Department: Computer Science
10/23/2018,10/23/2018,LC Mathematical Foundations of Computer Science(30181)/Tutorial,16:00,18:00,Gisbert Kapp N224,Activity: LC Mathematical Foundations of Computer Science(30181)/Tutorial. Type: Tutorial. Department: Computer Science
10/30/2018,10/30/2018,LC Mathematical Foundations of Computer Science(30181)/Tutorial,16:00,18:00,Gisbert Kapp N224,Activity: LC Mathematical Foundations of Computer Science(30181)/Tutorial. Type: Tutorial. Department: Computer Science
11/6/2018,11/6/2018,LC Mathematical Foundations of Computer Science(30181)/Tutorial,16:00,18:00,Gisbert Kapp N224,Activity: LC Mathematical Foundations of Computer Science(30181)/Tutorial. Type: Tutorial. Department: Computer Science
11/13/2018,11/13/2018,LC Mathematical Foundations of Computer Science(30181)/Tutorial,16:00,18:00,Gisbert Kapp N224,Activity: LC Mathematical Foundations of Computer Science(30181)/Tutorial. Type: Tutorial. Department: Computer Science
11/20/2018,11/20/2018,LC Mathematical Foundations of Computer Science(30181)/Tutorial,16:00,18:00,Gisbert Kapp N224,Activity: LC Mathematical Foundations of Computer Science(30181)/Tutorial. Type: Tutorial. Department: Computer Science
11/27/2018,11/27/2018,LC Mathematical Foundations of Computer Science(30181)/Tutorial,16:00,18:00,Gisbert Kapp N224,Activity: LC Mathematical Foundations of Computer Science(30181)/Tutorial. Type: Tutorial. Department: Computer Science
12/4/2018,12/4/2018,LC Mathematical Foundations of Computer Science(30181)/Tutorial,16:00,18:00,Gisbert Kapp N224,Activity: LC Mathematical Foundations of Computer Science(30181)/Tutorial. Type: Tutorial. Department: Computer Science
12/11/2018,12/11/2018,LC Mathematical Foundations of Computer Science(30181)/Tutorial,16:00,18:00,Gisbert Kapp N224,Activity: LC Mathematical Foundations of Computer Science(30181)/Tutorial. Type: Tutorial. Department: Computer Science
01/15/2019,01/15/2019,LC Artificial Intelligence(30173)/Lecture,16:00,17:00,Gisbert Kapp LT2 (E202),Activity: LC Artificial Intelligence(30173)/Lecture. Type: Lecture/B. Department: Computer Science
01/22/2019,01/22/2019,LC Artificial Intelligence(30173)/Lecture,16:00,17:00,Gisbert Kapp LT2 (E202),Activity: LC Artificial Intelligence(30173)/Lecture. Type: Lecture/B. Department: Computer Science
01/29/2019,01/29/2019,LC Artificial Intelligence(30173)/Lecture,16:00,17:00,Gisbert Kapp LT2 (E202),Activity: LC Artificial Intelligence(30173)/Lecture. Type: Lecture/B. Department: Computer Science
02/5/2019,02/5/2019,LC Artificial Intelligence(30173)/Lecture,16:00,17:00,Gisbert Kapp LT2 (E202),Activity: LC Artificial Intelligence(30173)/Lecture. Type: Lecture/B. Department: Computer Science
02/12/2019,02/12/2019,LC Artificial Intelligence(30173)/Lecture,16:00,17:00,Gisbert Kapp LT2 (E202),Activity: LC Artificial Intelligence(30173)/Lecture. Type: Lecture/B. Department: Computer Science
02/19/2019,02/19/2019,LC Artificial Intelligence(30173)/Lecture,16:00,17:00,Gisbert Kapp LT2 (E202),Activity: LC Artificial Intelligence(30173)/Lecture. Type: Lecture/B. Department: Computer Science
02/26/2019,02/26/2019,LC Artificial Intelligence(30173)/Lecture,16:00,17:00,Gisbert Kapp LT2 (E202),Activity: LC Artificial Intelligence(30173)/Lecture. Type: Lecture/B. Department: Computer Science
03/5/2019,03/5/2019,LC Artificial Intelligence(30173)/Lecture,16:00,17:00,Gisbert Kapp LT2 (E202),Activity: LC Artificial Intelligence(30173)/Lecture. Type: Lecture/B. Department: Computer Science
03/12/2019,03/12/2019,LC Artificial Intelligence(30173)/Lecture,16:00,17:00,Gisbert Kapp LT2 (E202),Activity: LC Artificial Intelligence(30173)/Lecture. Type: Lecture/B. Department: Computer Science
03/19/2019,03/19/2019,LC Artificial Intelligence(30173)/Lecture,16:00,17:00,Gisbert Kapp LT2 (E202),Activity: LC Artificial Intelligence(30173)/Lecture. Type: Lecture/B. Department: Computer Science
03/26/2019,03/26/2019,LC Artificial Intelligence(30173)/Lecture,16:00,17:00,Gisbert Kapp LT2 (E202),Activity: LC Artificial Intelligence(30173)/Lecture. Type: Lecture/B. Department: Computer Science</tr></tbody><tr>
10/10/2018,10/10/2018,LC Intro to Financial Analysis for Sci Eng (14505)/Lecture,9:00,11:00,Physics West Lecture Theatre (117),Activity: LC Intro to Financial Analysis for Sci Eng (14505)/Lecture. Type: Lecture. Department: Birmingham Business School
10/17/2018,10/17/2018,LC Intro to Financial Analysis for Sci Eng (14505)/Lecture,9:00,11:00,Physics West Lecture Theatre (117),Activity: LC Intro to Financial Analysis for Sci Eng (14505)/Lecture. Type: Lecture. Department: Birmingham Business School
10/24/2018,10/24/2018,LC Intro to Financial Analysis for Sci Eng (14505)/Lecture,9:00,11:00,Physics West Lecture Theatre (117),Activity: LC Intro to Financial Analysis for Sci Eng (14505)/Lecture. Type: Lecture. Department: Birmingham Business School
10/31/2018,10/31/2018,LC Intro to Financial Analysis for Sci Eng (14505)/Lecture,9:00,11:00,Physics West Lecture Theatre (117),Activity: LC Intro to Financial Analysis for Sci Eng (14505)/Lecture. Type: Lecture. Department: Birmingham Business School
11/7/2018,11/7/2018,LC Intro to Financial Analysis for Sci Eng (14505)/Lecture,9:00,11:00,Physics West Lecture Theatre (117),Activity: LC Intro to Financial Analysis for Sci Eng (14505)/Lecture. Type: Lecture. Department: Birmingham Business School
11/14/2018,11/14/2018,LC Intro to Financial Analysis for Sci Eng (14505)/Lecture,9:00,11:00,Physics West Lecture Theatre (117),Activity: LC Intro to Financial Analysis for Sci Eng (14505)/Lecture. Type: Lecture. Department: Birmingham Business School
11/21/2018,11/21/2018,LC Intro to Financial Analysis for Sci Eng (14505)/Lecture,9:00,11:00,Physics West Lecture Theatre (117),Activity: LC Intro to Financial Analysis for Sci Eng (14505)/Lecture. Type: Lecture. Department: Birmingham Business School
11/28/2018,11/28/2018,LC Intro to Financial Analysis for Sci Eng (14505)/Lecture,9:00,11:00,Physics West Lecture Theatre (117),Activity: LC Intro to Financial Analysis for Sci Eng (14505)/Lecture. Type: Lecture. Department: Birmingham Business School
12/5/2018,12/5/2018,LC Intro to Financial Analysis for Sci Eng (14505)/Lecture,9:00,11:00,Physics West Lecture Theatre (117),Activity: LC Intro to Financial Analysis for Sci Eng (14505)/Lecture. Type: Lecture. Department: Birmingham Business School
12/12/2018,12/12/2018,LC Intro to Financial Analysis for Sci Eng (14505)/Lecture,9:00,11:00,Physics West Lecture Theatre (117),Activity: LC Intro to Financial Analysis for Sci Eng (14505)/Lecture. Type: Lecture. Department: Birmingham Business School</tr></tbody><tr>
10/11/2018,10/11/2018,LC Business Organisation & Management (14507)/Lecture,9:00,10:00,Gisbert Kapp NG15,With: Dr Margarita Nyfoudi. Activity: LC Business Organisation & Management (14507)/Lecture. Type: Lecture. Department: Birmingham Business School
10/18/2018,10/18/2018,LC Business Organisation & Management (14507)/Lecture,9:00,10:00,Gisbert Kapp NG15,With: Dr Margarita Nyfoudi. Activity: LC Business Organisation & Management (14507)/Lecture. Type: Lecture. Department: Birmingham Business School
10/25/2018,10/25/2018,LC Business Organisation & Management (14507)/Lecture,9:00,10:00,Gisbert Kapp NG15,With: Dr Margarita Nyfoudi. Activity: LC Business Organisation & Management (14507)/Lecture. Type: Lecture. Department: Birmingham Business School
11/1/2018,11/1/2018,LC Business Organisation & Management (14507)/Lecture,9:00,10:00,Gisbert Kapp NG15,With: Dr Margarita Nyfoudi. Activity: LC Business Organisation & Management (14507)/Lecture. Type: Lecture. Department: Birmingham Business School
11/8/2018,11/8/2018,LC Business Organisation & Management (14507)/Lecture,9:00,10:00,Gisbert Kapp NG15,With: Dr Margarita Nyfoudi. Activity: LC Business Organisation & Management (14507)/Lecture. Type: Lecture. Department: Birmingham Business School
11/15/2018,11/15/2018,LC Business Organisation & Management (14507)/Lecture,9:00,10:00,Gisbert Kapp NG15,With: Dr Margarita Nyfoudi. Activity: LC Business Organisation & Management (14507)/Lecture. Type: Lecture. Department: Birmingham Business School
11/22/2018,11/22/2018,LC Business Organisation & Management (14507)/Lecture,9:00,10:00,Gisbert Kapp NG15,With: Dr Margarita Nyfoudi. Activity: LC Business Organisation & Management (14507)/Lecture. Type: Lecture. Department: Birmingham Business School
11/29/2018,11/29/2018,LC Business Organisation & Management (14507)/Lecture,9:00,10:00,Gisbert Kapp NG15,With: Dr Margarita Nyfoudi. Activity: LC Business Organisation & Management (14507)/Lecture. Type: Lecture. Department: Birmingham Business School
12/6/2018,12/6/2018,LC Business Organisation & Management (14507)/Lecture,9:00,10:00,Gisbert Kapp NG15,With: Dr Margarita Nyfoudi. Activity: LC Business Organisation & Management (14507)/Lecture. Type: Lecture. Department: Birmingham Business School
12/13/2018,12/13/2018,LC Business Organisation & Management (14507)/Lecture,9:00,10:00,Gisbert Kapp NG15,With: Dr Margarita Nyfoudi. Activity: LC Business Organisation & Management (14507)/Lecture. Type: Lecture. Department: Birmingham Business School
11/8/2018,11/8/2018,LC Fundamentals of Programming in Java/LC Programming in Java(30179/30183)/Tutorial,14:00,15:00,Poynting Small Lecture Theatre (S06),With: Dr Ian Kenny. Activity: LC Fundamentals of Programming in Java/LC Programming in Java(30179/30183)/Tutorial. Type: Tutorial/B. Department: Computer Science
11/15/2018,11/15/2018,LC Fundamentals of Programming in Java/LC Programming in Java(30179/30183)/Tutorial,14:00,15:00,Poynting Small Lecture Theatre (S06),With: Dr Ian Kenny. Activity: LC Fundamentals of Programming in Java/LC Programming in Java(30179/30183)/Tutorial. Type: Tutorial/B. Department: Computer Science
11/22/2018,11/22/2018,LC Fundamentals of Programming in Java/LC Programming in Java(30179/30183)/Tutorial,14:00,15:00,Poynting Small Lecture Theatre (S06),With: Dr Ian Kenny. Activity: LC Fundamentals of Programming in Java/LC Programming in Java(30179/30183)/Tutorial. Type: Tutorial/B. Department: Computer Science
11/29/2018,11/29/2018,LC Fundamentals of Programming in Java/LC Programming in Java(30179/30183)/Tutorial,14:00,15:00,Poynting Small Lecture Theatre (S06),With: Dr Ian Kenny. Activity: LC Fundamentals of Programming in Java/LC Programming in Java(30179/30183)/Tutorial. Type: Tutorial/B. Department: Computer Science
12/6/2018,12/6/2018,LC Fundamentals of Programming in Java/LC Programming in Java(30179/30183)/Tutorial,14:00,15:00,Poynting Small Lecture Theatre (S06),With: Dr Ian Kenny. Activity: LC Fundamentals of Programming in Java/LC Programming in Java(30179/30183)/Tutorial. Type: Tutorial/B. Department: Computer Science
12/13/2018,12/13/2018,LC Fundamentals of Programming in Java/LC Programming in Java(30179/30183)/Tutorial,14:00,15:00,Poynting Small Lecture Theatre (S06),With: Dr Ian Kenny. Activity: LC Fundamentals of Programming in Java/LC Programming in Java(30179/30183)/Tutorial. Type: Tutorial/B. Department: Computer Science
01/17/2019,01/17/2019,LC Data Structure & Algorithms(30175)/Lecture,14:00,15:00,Gisbert Kapp LT2 (E202),With: Dr John Bullinaria. Activity: LC Data Structure & Algorithms(30175)/Lecture. Type: Lecture/C. Department: Computer Science
01/24/2019,01/24/2019,LC Data Structure & Algorithms(30175)/Lecture,14:00,15:00,Gisbert Kapp LT2 (E202),With: Dr John Bullinaria. Activity: LC Data Structure & Algorithms(30175)/Lecture. Type: Lecture/C. Department: Computer Science
01/31/2019,01/31/2019,LC Data Structure & Algorithms(30175)/Lecture,14:00,15:00,Gisbert Kapp LT2 (E202),With: Dr John Bullinaria. Activity: LC Data Structure & Algorithms(30175)/Lecture. Type: Lecture/C. Department: Computer Science
02/7/2019,02/7/2019,LC Data Structure & Algorithms(30175)/Lecture,14:00,15:00,Gisbert Kapp LT2 (E202),With: Dr John Bullinaria. Activity: LC Data Structure & Algorithms(30175)/Lecture. Type: Lecture/C. Department: Computer Science
02/14/2019,02/14/2019,LC Data Structure & Algorithms(30175)/Lecture,14:00,15:00,Gisbert Kapp LT2 (E202),With: Dr John Bullinaria. Activity: LC Data Structure & Algorithms(30175)/Lecture. Type: Lecture/C. Department: Computer Science
02/21/2019,02/21/2019,LC Data Structure & Algorithms(30175)/Lecture,14:00,15:00,Gisbert Kapp LT2 (E202),With: Dr John Bullinaria. Activity: LC Data Structure & Algorithms(30175)/Lecture. Type: Lecture/C. Department: Computer Science
02/28/2019,02/28/2019,LC Data Structure & Algorithms(30175)/Lecture,14:00,15:00,Gisbert Kapp LT2 (E202),With: Dr John Bullinaria. Activity: LC Data Structure & Algorithms(30175)/Lecture. Type: Lecture/C. Department: Computer Science
03/7/2019,03/7/2019,LC Data Structure & Algorithms(30175)/Lecture,14:00,15:00,Gisbert Kapp LT2 (E202),With: Dr John Bullinaria. Activity: LC Data Structure & Algorithms(30175)/Lecture. Type: Lecture/C. Department: Computer Science
03/14/2019,03/14/2019,LC Data Structure & Algorithms(30175)/Lecture,14:00,15:00,Gisbert Kapp LT2 (E202),With: Dr John Bullinaria. Activity: LC Data Structure & Algorithms(30175)/Lecture. Type: Lecture/C. Department: Computer Science
03/21/2019,03/21/2019,LC Data Structure & Algorithms(30175)/Lecture,14:00,15:00,Gisbert Kapp LT2 (E202),With: Dr John Bullinaria. Activity: LC Data Structure & Algorithms(30175)/Lecture. Type: Lecture/C. Department: Computer Science
03/28/2019,03/28/2019,LC Data Structure & Algorithms(30175)/Lecture,14:00,15:00,Gisbert Kapp LT2 (E202),With: Dr John Bullinaria. Activity: LC Data Structure & Algorithms(30175)/Lecture. Type: Lecture/C. Department: Computer Science
01/17/2019,01/17/2019,LC Logic & Computation(30180)/Lecture,15:00,16:00,Gisbert Kapp LT2 (E202),Activity: LC Logic & Computation(30180)/Lecture. Type: Lecture/C. Department: Computer Science
01/24/2019,01/24/2019,LC Logic & Computation(30180)/Lecture,15:00,16:00,Gisbert Kapp LT2 (E202),Activity: LC Logic & Computation(30180)/Lecture. Type: Lecture/C. Department: Computer Science
01/31/2019,01/31/2019,LC Logic & Computation(30180)/Lecture,15:00,16:00,Gisbert Kapp LT2 (E202),Activity: LC Logic & Computation(30180)/Lecture. Type: Lecture/C. Department: Computer Science
02/7/2019,02/7/2019,LC Logic & Computation(30180)/Lecture,15:00,16:00,Gisbert Kapp LT2 (E202),Activity: LC Logic & Computation(30180)/Lecture. Type: Lecture/C. Department: Computer Science
02/14/2019,02/14/2019,LC Logic & Computation(30180)/Lecture,15:00,16:00,Gisbert Kapp LT2 (E202),Activity: LC Logic & Computation(30180)/Lecture. Type: Lecture/C. Department: Computer Science
02/21/2019,02/21/2019,LC Logic & Computation(30180)/Lecture,15:00,16:00,Gisbert Kapp LT2 (E202),Activity: LC Logic & Computation(30180)/Lecture. Type: Lecture/C. Department: Computer Science
02/28/2019,02/28/2019,LC Logic & Computation(30180)/Lecture,15:00,16:00,Gisbert Kapp LT2 (E202),Activity: LC Logic & Computation(30180)/Lecture. Type: Lecture/C. Department: Computer Science
03/7/2019,03/7/2019,LC Logic & Computation(30180)/Lecture,15:00,16:00,Gisbert Kapp LT2 (E202),Activity: LC Logic & Computation(30180)/Lecture. Type: Lecture/C. Department: Computer Science
03/14/2019,03/14/2019,LC Logic & Computation(30180)/Lecture,15:00,16:00,Gisbert Kapp LT2 (E202),Activity: LC Logic & Computation(30180)/Lecture. Type: Lecture/C. Department: Computer Science
03/21/2019,03/21/2019,LC Logic & Computation(30180)/Lecture,15:00,16:00,Gisbert Kapp LT2 (E202),Activity: LC Logic & Computation(30180)/Lecture. Type: Lecture/C. Department: Computer Science
03/28/2019,03/28/2019,LC Logic & Computation(30180)/Lecture,15:00,16:00,Gisbert Kapp LT2 (E202),Activity: LC Logic & Computation(30180)/Lecture. Type: Lecture/C. Department: Computer Science
01/17/2019,01/17/2019,LC Artificial Intelligence(30173)/Lecture,16:00,17:00,Gisbert Kapp LT2 (E202),Activity: LC Artificial Intelligence(30173)/Lecture. Type: Lecture/C. Department: Computer Science
01/24/2019,01/24/2019,LC Artificial Intelligence(30173)/Lecture,16:00,17:00,Gisbert Kapp LT2 (E202),Activity: LC Artificial Intelligence(30173)/Lecture. Type: Lecture/C. Department: Computer Science
01/31/2019,01/31/2019,LC Artificial Intelligence(30173)/Lecture,16:00,17:00,Gisbert Kapp LT2 (E202),Activity: LC Artificial Intelligence(30173)/Lecture. Type: Lecture/C. Department: Computer Science
02/7/2019,02/7/2019,LC Artificial Intelligence(30173)/Lecture,16:00,17:00,Gisbert Kapp LT2 (E202),Activity: LC Artificial Intelligence(30173)/Lecture. Type: Lecture/C. Department: Computer Science
02/14/2019,02/14/2019,LC Artificial Intelligence(30173)/Lecture,16:00,17:00,Gisbert Kapp LT2 (E202),Activity: LC Artificial Intelligence(30173)/Lecture. Type: Lecture/C. Department: Computer Science
02/21/2019,02/21/2019,LC Artificial Intelligence(30173)/Lecture,16:00,17:00,Gisbert Kapp LT2 (E202),Activity: LC Artificial Intelligence(30173)/Lecture. Type: Lecture/C. Department: Computer Science
02/28/2019,02/28/2019,LC Artificial Intelligence(30173)/Lecture,16:00,17:00,Gisbert Kapp LT2 (E202),Activity: LC Artificial Intelligence(30173)/Lecture. Type: Lecture/C. Department: Computer Science
03/7/2019,03/7/2019,LC Artificial Intelligence(30173)/Lecture,16:00,17:00,Gisbert Kapp LT2 (E202),Activity: LC Artificial Intelligence(30173)/Lecture. Type: Lecture/C. Department: Computer Science
03/14/2019,03/14/2019,LC Artificial Intelligence(30173)/Lecture,16:00,17:00,Gisbert Kapp LT2 (E202),Activity: LC Artificial Intelligence(30173)/Lecture. Type: Lecture/C. Department: Computer Science
03/21/2019,03/21/2019,LC Artificial Intelligence(30173)/Lecture,16:00,17:00,Gisbert Kapp LT2 (E202),Activity: LC Artificial Intelligence(30173)/Lecture. Type: Lecture/C. Department: Computer Science
03/28/2019,03/28/2019,LC Artificial Intelligence(30173)/Lecture,16:00,17:00,Gisbert Kapp LT2 (E202),Activity: LC Artificial Intelligence(30173)/Lecture. Type: Lecture/C. Department: Computer Science</tr></tbody><tr>
10/12/2018,10/12/2018,LC Business Organisation & Management (14507)/Lecture,9:00,10:00,University House 108,With: Dr Margarita Nyfoudi. Activity: LC Business Organisation & Management (14507)/Lecture. Type: Lecture/B. Department: Birmingham Business School
10/19/2018,10/19/2018,LC Business Organisation & Management (14507)/Lecture,9:00,10:00,University House 108,With: Dr Margarita Nyfoudi. Activity: LC Business Organisation & Management (14507)/Lecture. Type: Lecture/B. Department: Birmingham Business School
10/26/2018,10/26/2018,LC Business Organisation & Management (14507)/Lecture,9:00,10:00,University House 108,With: Dr Margarita Nyfoudi. Activity: LC Business Organisation & Management (14507)/Lecture. Type: Lecture/B. Department: Birmingham Business School
11/2/2018,11/2/2018,LC Business Organisation & Management (14507)/Lecture,9:00,10:00,University House 108,With: Dr Margarita Nyfoudi. Activity: LC Business Organisation & Management (14507)/Lecture. Type: Lecture/B. Department: Birmingham Business School
11/9/2018,11/9/2018,LC Business Organisation & Management (14507)/Lecture,9:00,10:00,University House 108,With: Dr Margarita Nyfoudi. Activity: LC Business Organisation & Management (14507)/Lecture. Type: Lecture/B. Department: Birmingham Business School
11/16/2018,11/16/2018,LC Business Organisation & Management (14507)/Lecture,9:00,10:00,University House 108,With: Dr Margarita Nyfoudi. Activity: LC Business Organisation & Management (14507)/Lecture. Type: Lecture/B. Department: Birmingham Business School
11/23/2018,11/23/2018,LC Business Organisation & Management (14507)/Lecture,9:00,10:00,University House 108,With: Dr Margarita Nyfoudi. Activity: LC Business Organisation & Management (14507)/Lecture. Type: Lecture/B. Department: Birmingham Business School
11/30/2018,11/30/2018,LC Business Organisation & Management (14507)/Lecture,9:00,10:00,University House 108,With: Dr Margarita Nyfoudi. Activity: LC Business Organisation & Management (14507)/Lecture. Type: Lecture/B. Department: Birmingham Business School
12/7/2018,12/7/2018,LC Business Organisation & Management (14507)/Lecture,9:00,10:00,University House 108,With: Dr Margarita Nyfoudi. Activity: LC Business Organisation & Management (14507)/Lecture. Type: Lecture/B. Department: Birmingham Business School
12/14/2018,12/14/2018,LC Business Organisation & Management (14507)/Lecture,9:00,10:00,University House 108,With: Dr Margarita Nyfoudi. Activity: LC Business Organisation & Management (14507)/Lecture. Type: Lecture/B. Department: Birmingham Business School
10/5/2018,10/5/2018,LC Fundamentals of Programming in Java/LC Programming in Java(30179/30183)/Tutorial,10:00,11:00,Haworth 101,With: Dr Ian Kenny. Activity: LC Fundamentals of Programming in Java/LC Programming in Java(30179/30183)/Tutorial. Type: Tutorial/B. Department: Computer Science
10/12/2018,10/12/2018,LC Fundamentals of Programming in Java/LC Programming in Java(30179/30183)/Tutorial,10:00,11:00,Haworth 101,With: Dr Ian Kenny. Activity: LC Fundamentals of Programming in Java/LC Programming in Java(30179/30183)/Tutorial. Type: Tutorial/B. Department: Computer Science
10/19/2018,10/19/2018,LC Fundamentals of Programming in Java/LC Programming in Java(30179/30183)/Tutorial,10:00,11:00,Haworth 101,With: Dr Ian Kenny. Activity: LC Fundamentals of Programming in Java/LC Programming in Java(30179/30183)/Tutorial. Type: Tutorial/B. Department: Computer Science
10/26/2018,10/26/2018,LC Fundamentals of Programming in Java/LC Programming in Java(30179/30183)/Tutorial,10:00,11:00,Haworth 101,With: Dr Ian Kenny. Activity: LC Fundamentals of Programming in Java/LC Programming in Java(30179/30183)/Tutorial. Type: Tutorial/B. Department: Computer Science
11/2/2018,11/2/2018,LC Fundamentals of Programming in Java/LC Programming in Java(30179/30183)/Tutorial,10:00,11:00,Haworth 101,With: Dr Ian Kenny. Activity: LC Fundamentals of Programming in Java/LC Programming in Java(30179/30183)/Tutorial. Type: Tutorial/B. Department: Computer Science
01/18/2019,01/18/2019,LC Data Structure & Algorithms(30175)/Laboratory Practical,11:00,13:00,Computer Science UG04 Lab,With: Mr Alan Sexton. Activity: LC Data Structure & Algorithms(30175)/Laboratory Practical. Type: Laboratory Practical/B. Department: Computer Science
01/25/2019,01/25/2019,LC Data Structure & Algorithms(30175)/Laboratory Practical,11:00,13:00,Computer Science UG04 Lab,With: Mr Alan Sexton. Activity: LC Data Structure & Algorithms(30175)/Laboratory Practical. Type: Laboratory Practical/B. Department: Computer Science
02/1/2019,02/1/2019,LC Data Structure & Algorithms(30175)/Laboratory Practical,11:00,13:00,Computer Science UG04 Lab,With: Mr Alan Sexton. Activity: LC Data Structure & Algorithms(30175)/Laboratory Practical. Type: Laboratory Practical/B. Department: Computer Science
02/8/2019,02/8/2019,LC Data Structure & Algorithms(30175)/Laboratory Practical,11:00,13:00,Computer Science UG04 Lab,With: Mr Alan Sexton. Activity: LC Data Structure & Algorithms(30175)/Laboratory Practical. Type: Laboratory Practical/B. Department: Computer Science
02/15/2019,02/15/2019,LC Data Structure & Algorithms(30175)/Laboratory Practical,11:00,13:00,Computer Science UG04 Lab,With: Mr Alan Sexton. Activity: LC Data Structure & Algorithms(30175)/Laboratory Practical. Type: Laboratory Practical/B. Department: Computer Science
02/22/2019,02/22/2019,LC Data Structure & Algorithms(30175)/Laboratory Practical,11:00,13:00,Computer Science UG04 Lab,With: Mr Alan Sexton. Activity: LC Data Structure & Algorithms(30175)/Laboratory Practical. Type: Laboratory Practical/B. Department: Computer Science
03/1/2019,03/1/2019,LC Data Structure & Algorithms(30175)/Laboratory Practical,11:00,13:00,Computer Science UG04 Lab,With: Mr Alan Sexton. Activity: LC Data Structure & Algorithms(30175)/Laboratory Practical. Type: Laboratory Practical/B. Department: Computer Science
03/8/2019,03/8/2019,LC Data Structure & Algorithms(30175)/Laboratory Practical,11:00,13:00,Computer Science UG04 Lab,With: Mr Alan Sexton. Activity: LC Data Structure & Algorithms(30175)/Laboratory Practical. Type: Laboratory Practical/B. Department: Computer Science
03/15/2019,03/15/2019,LC Data Structure & Algorithms(30175)/Laboratory Practical,11:00,13:00,Computer Science UG04 Lab,With: Mr Alan Sexton. Activity: LC Data Structure & Algorithms(30175)/Laboratory Practical. Type: Laboratory Practical/B. Department: Computer Science
03/22/2019,03/22/2019,LC Data Structure & Algorithms(30175)/Laboratory Practical,11:00,13:00,Computer Science UG04 Lab,With: Mr Alan Sexton. Activity: LC Data Structure & Algorithms(30175)/Laboratory Practical. Type: Laboratory Practical/B. Department: Computer Science
03/29/2019,03/29/2019,LC Data Structure & Algorithms(30175)/Laboratory Practical,11:00,13:00,Computer Science UG04 Lab,With: Mr Alan Sexton. Activity: LC Data Structure & Algorithms(30175)/Laboratory Practical. Type: Laboratory Practical/B. Department: Computer Science
10/5/2018,10/5/2018,LC Mathematical Foundations of Computer Science(30181)/Lecture,12:00,14:00,Gisbert Kapp LT1 (E203),Activity: LC Mathematical Foundations of Computer Science(30181)/Lecture. Type: Lecture/B. Department: Computer Science
10/12/2018,10/12/2018,LC Mathematical Foundations of Computer Science(30181)/Lecture,12:00,14:00,Gisbert Kapp LT1 (E203),Activity: LC Mathematical Foundations of Computer Science(30181)/Lecture. Type: Lecture/B. Department: Computer Science
10/19/2018,10/19/2018,LC Mathematical Foundations of Computer Science(30181)/Lecture,12:00,14:00,Gisbert Kapp LT1 (E203),Activity: LC Mathematical Foundations of Computer Science(30181)/Lecture. Type: Lecture/B. Department: Computer Science
10/26/2018,10/26/2018,LC Mathematical Foundations of Computer Science(30181)/Lecture,12:00,14:00,Gisbert Kapp LT1 (E203),Activity: LC Mathematical Foundations of Computer Science(30181)/Lecture. Type: Lecture/B. Department: Computer Science
11/2/2018,11/2/2018,LC Mathematical Foundations of Computer Science(30181)/Lecture,12:00,14:00,Gisbert Kapp LT1 (E203),Activity: LC Mathematical Foundations of Computer Science(30181)/Lecture. Type: Lecture/B. Department: Computer Science
11/9/2018,11/9/2018,LC Mathematical Foundations of Computer Science(30181)/Lecture,12:00,14:00,Gisbert Kapp LT1 (E203),Activity: LC Mathematical Foundations of Computer Science(30181)/Lecture. Type: Lecture/B. Department: Computer Science
11/16/2018,11/16/2018,LC Mathematical Foundations of Computer Science(30181)/Lecture,12:00,14:00,Gisbert Kapp LT1 (E203),Activity: LC Mathematical Foundations of Computer Science(30181)/Lecture. Type: Lecture/B. Department: Computer Science
11/23/2018,11/23/2018,LC Mathematical Foundations of Computer Science(30181)/Lecture,12:00,14:00,Gisbert Kapp LT1 (E203),Activity: LC Mathematical Foundations of Computer Science(30181)/Lecture. Type: Lecture/B. Department: Computer Science
11/30/2018,11/30/2018,LC Mathematical Foundations of Computer Science(30181)/Lecture,12:00,14:00,Gisbert Kapp LT1 (E203),Activity: LC Mathematical Foundations of Computer Science(30181)/Lecture. Type: Lecture/B. Department: Computer Science
12/7/2018,12/7/2018,LC Mathematical Foundations of Computer Science(30181)/Lecture,12:00,14:00,Gisbert Kapp LT1 (E203),Activity: LC Mathematical Foundations of Computer Science(30181)/Lecture. Type: Lecture/B. Department: Computer Science
12/14/2018,12/14/2018,LC Mathematical Foundations of Computer Science(30181)/Lecture,12:00,14:00,Gisbert Kapp LT1 (E203),Activity: LC Mathematical Foundations of Computer Science(30181)/Lecture. Type: Lecture/B. Department: Computer Science
10/5/2018,10/5/2018,LC Fundamentals of Programming in Java/LC Programming in Java(30179/30183)/Lecture,16:00,17:00,Aston Webb Main LT (C-block),With: Dr Ian Kenny. Activity: LC Fundamentals of Programming in Java/LC Programming in Java(30179/30183)/Lecture. Type: Lecture/B. Department: Computer Science
10/12/2018,10/12/2018,LC Fundamentals of Programming in Java/LC Programming in Java(30179/30183)/Lecture,16:00,17:00,Aston Webb Main LT (C-block),With: Dr Ian Kenny. Activity: LC Fundamentals of Programming in Java/LC Programming in Java(30179/30183)/Lecture. Type: Lecture/B. Department: Computer Science
10/19/2018,10/19/2018,LC Fundamentals of Programming in Java/LC Programming in Java(30179/30183)/Lecture,16:00,17:00,Aston Webb Main LT (C-block),With: Dr Ian Kenny. Activity: LC Fundamentals of Programming in Java/LC Programming in Java(30179/30183)/Lecture. Type: Lecture/B. Department: Computer Science
10/26/2018,10/26/2018,LC Fundamentals of Programming in Java/LC Programming in Java(30179/30183)/Lecture,16:00,17:00,Aston Webb Main LT (C-block),With: Dr Ian Kenny. Activity: LC Fundamentals of Programming in Java/LC Programming in Java(30179/30183)/Lecture. Type: Lecture/B. Department: Computer Science
11/2/2018,11/2/2018,LC Fundamentals of Programming in Java/LC Programming in Java(30179/30183)/Lecture,16:00,17:00,Aston Webb Main LT (C-block),With: Dr Ian Kenny. Activity: LC Fundamentals of Programming in Java/LC Programming in Java(30179/30183)/Lecture. Type: Lecture/B. Department: Computer Science
11/9/2018,11/9/2018,LC Fundamentals of Programming in Java/LC Programming in Java(30179/30183)/Lecture,16:00,17:00,Aston Webb Main LT (C-block),With: Dr Ian Kenny. Activity: LC Fundamentals of Programming in Java/LC Programming in Java(30179/30183)/Lecture. Type: Lecture/B. Department: Computer Science
11/16/2018,11/16/2018,LC Fundamentals of Programming in Java/LC Programming in Java(30179/30183)/Lecture,16:00,17:00,Aston Webb Main LT (C-block),With: Dr Ian Kenny. Activity: LC Fundamentals of Programming in Java/LC Programming in Java(30179/30183)/Lecture. Type: Lecture/B. Department: Computer Science
11/23/2018,11/23/2018,LC Fundamentals of Programming in Java/LC Programming in Java(30179/30183)/Lecture,16:00,17:00,Aston Webb Main LT (C-block),With: Dr Ian Kenny. Activity: LC Fundamentals of Programming in Java/LC Programming in Java(30179/30183)/Lecture. Type: Lecture/B. Department: Computer Science
11/30/2018,11/30/2018,LC Fundamentals of Programming in Java/LC Programming in Java(30179/30183)/Lecture,16:00,17:00,Aston Webb Main LT (C-block),With: Dr Ian Kenny. Activity: LC Fundamentals of Programming in Java/LC Programming in Java(30179/30183)/Lecture. Type: Lecture/B. Department: Computer Science
12/7/2018,12/7/2018,LC Fundamentals of Programming in Java/LC Programming in Java(30179/30183)/Lecture,16:00,17:00,Aston Webb Main LT (C-block),With: Dr Ian Kenny. Activity: LC Fundamentals of Programming in Java/LC Programming in Java(30179/30183)/Lecture. Type: Lecture/B. Department: Computer Science
12/14/2018,12/14/2018,LC Fundamentals of Programming in Java/LC Programming in Java(30179/30183)/Lecture,16:00,17:00,Aston Webb Main LT (C-block),With: Dr Ian Kenny. Activity: LC Fundamentals of Programming in Java/LC Programming in Java(30179/30183)/Lecture. Type: Lecture/B. Department: Computer Science</tr></tbody></table>